date,region,product,units,price,salesperson
2024-01-01,North,Widget A,48,72.37,B. Chen
2024-01-02,South,Pro Kit,7,170.78,E. Novak
2024-01-03,North,Toolbox T,28,12.78,A. Patel
2024-01-04,South,Widget B,33,152.48,E. Novak
2024-01-05,South,Pro Kit,42,176.81,D. Silva
2024-01-08,South,Gadget Y,38,73.15,A. Patel
2024-01-09,South,Pro Kit,28,88.35,B. Chen
2024-01-10,South,Gadget X,7,27.71,A. Patel
2024-01-11,East,Gadget X,39,69.8,A. Patel
2024-01-12,West,Toolbox T,8,243.4,D. Silva
2024-01-15,North,Toolbox T,19,208.19,E. Novak
2024-01-16,East,Toolbox T,13,177.61,A. Patel
2024-01-17,South,Gadget X,6,214.54,A. Patel
2024-01-18,West,Gadget X,30,160.73,C. Okafor
2024-01-19,South,Gadget X,23,56.32,C. Okafor
2024-01-22,North,Toolbox T,41,46.92,B. Chen
2024-01-23,South,Gadget Y,25,71.13,E. Novak
2024-01-24,South,Pro Kit,21,211.49,A. Patel
2024-01-25,South,Widget A,52,82.28,C. Okafor
2024-01-26,North,Widget B,59,236.0,C. Okafor
2024-01-29,South,Pro Kit,32,101.92,D. Silva
2024-01-30,South,Gadget X,9,65.41,E. Novak
2024-01-31,Central,Gadget X,48,148.21,E. Novak
2024-02-01,West,Gadget X,15,249.33,B. Chen
2024-02-02,Central,Gadget Y,6,190.16,A. Patel
2024-02-05,South,Pro Kit,11,199.05,D. Silva
2024-02-06,Central,Widget A,25,98.49,D. Silva
2024-02-07,Central,Gadget X,36,215.88,A. Patel
2024-02-08,North,Pro Kit,57,136.55,C. Okafor
2024-02-09,East,Widget A,19,111.51,D. Silva
2024-02-12,North,Pro Kit,57,181.31,E. Novak
2024-02-13,South,Toolbox T,59,31.06,C. Okafor
2024-02-14,Central,Toolbox T,13,42.44,B. Chen
2024-02-15,Central,Toolbox T,59,5.13,C. Okafor
2024-02-16,West,Widget A,8,232.62,C. Okafor
2024-02-19,South,Widget A,16,220.1,A. Patel
2024-02-20,North,Pro Kit,32,204.92,E. Novak
2024-02-21,South,Widget B,43,121.43,E. Novak
2024-02-22,South,Gadget X,34,218.74,D. Silva
2024-02-23,South,Toolbox T,49,183.82,B. Chen
2024-02-26,East,Gadget Y,43,164.21,D. Silva
2024-02-27,Central,Gadget Y,8,65.73,A. Patel
2024-02-28,East,Widget A,38,140.7,E. Novak
2024-02-29,South,Widget A,5,178.41,A. Patel
2024-03-01,South,Widget A,58,12.69,C. Okafor
2024-03-04,North,Toolbox T,16,73.22,D. Silva
2024-03-05,South,Toolbox T,9,182.21,E. Novak
2024-03-06,Central,Gadget Y,16,197.22,D. Silva
2024-03-07,South,Widget A,7,166.44,C. Okafor
2024-03-08,West,Gadget Y,30,216.63,A. Patel
2024-03-11,North,Widget A,26,183.4,A. Patel
2024-03-12,South,Widget B,13,136.38,B. Chen
2024-03-13,West,Widget B,18,118.33,A. Patel
2024-03-14,West,Toolbox T,7,17.38,E. Novak
2024-03-15,North,Widget A,60,189.61,B. Chen
2024-03-18,South,Gadget Y,32,122.92,D. Silva
2024-03-19,North,Widget B,25,5.52,D. Silva
2024-03-20,East,Gadget Y,19,108.63,E. Novak
2024-03-21,West,Widget B,13,77.68,A. Patel
2024-03-22,Central,Pro Kit,35,19.92,C. Okafor
2024-03-25,North,Widget A,38,121.8,E. Novak
2024-03-26,South,Widget A,33,24.62,B. Chen
2024-03-27,North,Toolbox T,5,170.42,B. Chen
2024-03-28,West,Widget A,57,144.56,E. Novak
2024-03-29,Central,Widget A,40,25.08,E. Novak
2024-04-01,Central,Toolbox T,21,233.99,B. Chen
2024-04-02,East,Widget B,17,101.96,C. Okafor
2024-04-03,West,Gadget X,60,189.2,A. Patel
2024-04-04,North,Gadget Y,40,249.61,A. Patel
2024-04-05,North,Toolbox T,14,128.93,B. Chen
2024-04-08,East,Widget A,57,64.84,C. Okafor
2024-04-09,South,Gadget Y,54,138.08,C. Okafor
2024-04-10,Central,Pro Kit,34,6.91,E. Novak
2024-04-11,East,Pro Kit,7,235.03,B. Chen
2024-04-12,East,Widget A,57,31.21,E. Novak
2024-04-15,South,Gadget X,19,153.17,C. Okafor
2024-04-16,South,Pro Kit,41,213.95,E. Novak
2024-04-17,West,Gadget X,58,227.49,A. Patel
2024-04-18,North,Pro Kit,28,208.18,A. Patel
2024-04-19,North,Gadget X,50,37.04,C. Okafor
2024-04-22,South,Pro Kit,29,140.15,D. Silva
2024-04-23,Central,Widget A,8,23.42,B. Chen
2024-04-24,Central,Widget A,54,95.45,E. Novak
2024-04-25,South,Gadget Y,9,15.24,C. Okafor
2024-04-26,North,Gadget X,14,172.1,A. Patel
2024-04-29,East,Toolbox T,57,219.29,E. Novak
2024-04-30,South,Widget B,56,44.8,B. Chen
2024-05-01,West,Widget A,12,185.45,C. Okafor
2024-05-02,West,Pro Kit,56,185.08,B. Chen
2024-05-03,East,Widget B,51,176.8,D. Silva
2024-05-06,North,Gadget Y,15,53.89,D. Silva
2024-05-07,East,Gadget X,53,199.85,B. Chen
2024-05-08,South,Widget A,43,52.31,C. Okafor
2024-05-09,East,Widget A,50,73.38,E. Novak
2024-05-10,West,Pro Kit,54,136.36,A. Patel
2024-05-13,North,Gadget X,12,147.23,C. Okafor
2024-05-14,North,Widget A,39,111.46,C. Okafor
2024-05-15,West,Toolbox T,33,33.32,E. Novak
2024-05-16,South,Gadget X,3,178.64,A. Patel
2024-05-17,Central,Toolbox T,44,181.25,B. Chen
2024-05-20,East,Gadget Y,5,237.46,C. Okafor
2024-05-21,Central,Gadget X,43,212.75,C. Okafor
2024-05-22,Central,Gadget X,43,105.05,D. Silva
2024-05-23,East,Toolbox T,9,51.99,D. Silva
2024-05-24,South,Toolbox T,37,78.72,E. Novak
2024-05-27,North,Gadget X,19,56.48,E. Novak
2024-05-28,Central,Pro Kit,21,118.91,D. Silva
2024-05-29,South,Toolbox T,31,199.46,B. Chen
2024-05-30,North,Gadget X,33,167.63,E. Novak
2024-05-31,East,Widget A,53,238.23,B. Chen
2024-06-03,East,Widget B,52,53.78,A. Patel
2024-06-04,North,Widget B,31,154.75,A. Patel
2024-06-05,West,Gadget Y,57,159.28,B. Chen
2024-06-06,West,Gadget Y,26,64.77,A. Patel
2024-06-07,North,Gadget Y,15,48.08,E. Novak
2024-06-10,West,Widget A,36,66.04,A. Patel
2024-06-11,West,Widget B,52,118.83,E. Novak
2024-06-12,Central,Toolbox T,21,237.75,D. Silva
2024-06-13,Central,Pro Kit,58,128.66,E. Novak
2024-06-14,West,Widget B,48,216.06,D. Silva
2024-06-17,East,Widget B,54,161.22,E. Novak
2024-06-18,West,Pro Kit,16,72.27,A. Patel
2024-06-19,East,Widget B,18,87.27,E. Novak
2024-06-20,North,Widget B,10,61.65,B. Chen
2024-06-21,South,Widget A,27,104.85,E. Novak
2024-06-24,West,Gadget Y,4,55.66,D. Silva
2024-06-25,West,Toolbox T,45,9.78,E. Novak
2024-06-26,West,Gadget Y,1,235.96,C. Okafor
2024-06-27,West,Gadget Y,35,188.13,E. Novak
2024-06-28,Central,Widget B,32,58.75,D. Silva
2024-07-01,West,Widget A,25,87.34,D. Silva
2024-07-02,South,Gadget Y,59,36.26,E. Novak
2024-07-03,Central,Widget A,59,101.52,E. Novak
2024-07-04,North,Widget A,42,110.0,D. Silva
2024-07-05,South,Widget A,17,97.87,B. Chen
2024-07-08,West,Gadget X,22,191.49,D. Silva
2024-07-09,East,Gadget Y,17,209.54,D. Silva
2024-07-10,North,Pro Kit,35,17.75,C. Okafor
2024-07-11,South,Pro Kit,5,196.39,A. Patel
2024-07-12,North,Widget B,13,210.6,E. Novak
2024-07-15,South,Widget B,9,121.01,A. Patel
2024-07-16,Central,Widget B,30,176.36,C. Okafor
2024-07-17,South,Toolbox T,39,241.11,A. Patel
2024-07-18,South,Gadget X,7,146.77,C. Okafor
2024-07-19,Central,Pro Kit,59,239.74,D. Silva
2024-07-22,South,Widget A,38,174.19,B. Chen
2024-07-23,North,Pro Kit,50,78.88,E. Novak
2024-07-24,North,Toolbox T,51,15.05,E. Novak
2024-07-25,West,Pro Kit,24,21.88,C. Okafor
2024-07-26,North,Gadget Y,53,125.09,D. Silva
2024-07-29,East,Pro Kit,58,208.02,B. Chen
2024-07-30,West,Widget B,47,132.82,C. Okafor
2024-07-31,Central,Toolbox T,50,123.45,D. Silva
2024-08-01,Central,Gadget X,21,213.66,A. Patel
2024-08-02,East,Gadget Y,16,188.86,E. Novak
2024-08-05,Central,Pro Kit,25,87.41,D. Silva
2024-08-06,East,Widget B,32,56.96,C. Okafor
2024-08-07,East,Gadget X,57,151.05,C. Okafor
2024-08-08,Central,Widget A,34,237.27,A. Patel
2024-08-09,South,Pro Kit,27,124.69,B. Chen
2024-08-12,West,Pro Kit,46,125.24,A. Patel
2024-08-13,North,Gadget X,15,104.07,B. Chen
2024-08-14,East,Pro Kit,38,95.4,E. Novak
2024-08-15,Central,Gadget X,28,249.16,E. Novak
2024-08-16,East,Gadget X,45,116.16,C. Okafor
2024-08-19,East,Widget B,8,181.7,C. Okafor
2024-08-20,North,Pro Kit,35,237.96,B. Chen
2024-08-21,South,Widget B,48,123.62,E. Novak
2024-08-22,Central,Toolbox T,19,245.22,B. Chen
2024-08-23,East,Widget B,24,48.95,A. Patel
2024-08-26,Central,Widget B,18,16.14,A. Patel
2024-08-27,Central,Gadget X,45,236.29,D. Silva
2024-08-28,North,Widget A,37,74.65,D. Silva
2024-08-29,West,Gadget X,12,241.54,C. Okafor
2024-08-30,West,Widget A,53,21.0,D. Silva
2024-09-02,North,Toolbox T,41,173.17,B. Chen
2024-09-03,South,Toolbox T,20,25.86,B. Chen
2024-09-04,North,Toolbox T,49,106.95,E. Novak
2024-09-05,Central,Widget B,50,133.02,D. Silva
2024-09-06,West,Gadget X,56,149.18,D. Silva
2024-09-09,East,Toolbox T,40,19.75,A. Patel
2024-09-10,South,Pro Kit,14,69.83,A. Patel
2024-09-11,South,Widget B,12,140.23,B. Chen
2024-09-12,North,Gadget Y,29,173.89,D. Silva
2024-09-13,East,Widget A,15,75.58,C. Okafor
2024-09-16,West,Widget A,44,62.18,C. Okafor
2024-09-17,Central,Pro Kit,52,233.74,D. Silva
2024-09-18,North,Toolbox T,15,163.66,C. Okafor
2024-09-19,South,Widget A,4,45.64,C. Okafor
2024-09-20,Central,Pro Kit,53,144.45,C. Okafor
2024-09-23,West,Widget A,30,173.72,D. Silva
2024-09-24,East,Toolbox T,35,125.97,A. Patel
2024-09-25,Central,Widget A,57,110.84,C. Okafor
2024-09-26,Central,Gadget X,2,27.37,E. Novak
2024-09-27,Central,Widget A,49,169.7,C. Okafor
2024-09-30,Central,Widget A,49,190.28,D. Silva
2024-10-01,Central,Pro Kit,29,229.43,B. Chen
2024-10-02,Central,Gadget Y,41,204.48,A. Patel
2024-10-03,West,Gadget X,27,86.65,A. Patel
2024-10-04,South,Gadget X,27,174.94,C. Okafor
2024-10-07,West,Toolbox T,3,116.42,C. Okafor
2024-10-08,East,Gadget X,8,242.69,D. Silva
2024-10-09,Central,Widget A,43,217.99,D. Silva
2024-10-10,West,Widget A,13,132.01,E. Novak
2024-10-11,West,Pro Kit,29,191.19,B. Chen
2024-10-14,East,Toolbox T,9,232.27,D. Silva
2024-10-15,West,Widget A,2,243.41,E. Novak
2024-10-16,South,Pro Kit,11,81.12,A. Patel
2024-10-17,Central,Gadget Y,6,60.04,A. Patel
2024-10-18,West,Widget A,42,208.87,D. Silva
2024-10-21,East,Toolbox T,46,71.98,D. Silva
2024-10-22,West,Widget B,30,140.05,D. Silva
2024-10-23,South,Toolbox T,33,187.83,B. Chen
2024-10-24,North,Gadget X,50,198.54,D. Silva
2024-10-25,East,Toolbox T,18,206.02,C. Okafor
